we,h
2.7551715114015538e-14,9.455966676552545e-06
0.0007993196662414396,0.00014831944841911749
0.0010006282318681717,0.00017654606095505944
0.0013157717034155915,0.00021471931896151368
0.0012438967803233537,0.00020661846866712913
0.0014231866972897987,0.00022618534094556315
0.0012984877147453075,0.00021279528274738217
0.0014484587957318124,0.00022876049515646937
0.001519429262381891,0.00023582339982585257
0.0013480182867308362,0.00021821755728664707
0.0014716387722575701,0.0002311040747234309
0.0015305518966467993,0.0002369204514688531
0.0013537886018914881,0.00021884012834674598
0.0012631160189961622,0.0002088081528462725
0.0012174598518039294,0.000203550578544449
0.0011947488730242367,0.00020088454531090886
0.0014007953562823485,0.0002238455510708989
0.0014966376315549946,0.00023359273929205734
0.0013362369304300644,0.00021694662411384427
0.0014660908201721452,0.00023055432453114713
0.0013204892178158237,0.00021523349646144994
0.001246257612878484,0.0002068969122971912
0.0014242875879596566,0.00022629342289273238
0.0012990554795712368,0.0002128534755251333
0.0012354926293840773,0.00020563618960483477
0.001203701749619654,0.00020193201763581256
0.0014048682036868867,0.00022425922463014067
0.0012891376079921335,0.00021173155603243718
0.0012305007110248619,0.00020505615440212532
0.0014170922556072934,0.00022552204475717616
0.0012953694082414977,0.00021243164641405283
0.0014470268952997726,0.00022859603081087335
0.0013107351185345,0.0002141223917683556
0.0012413701983780253,0.00020630126272372354
0.0012066578563332871,0.0002022559211257712
0.0011894347797761285,0.00020022636877743886
0.0011809607982740471,0.00019921208535364694
0.001394585571756092,0.00022316677143518723
0.0014936864144652342,0.00023328593226748385
0.0015412132952673041,0.00023793245608623044
0.001359298796258297,0.0002194306495053002
0.0012659132352229006,0.00020912404291797837
0.0012188814779774846,0.00020370331252734372
0.0014117613681441977,0.00022498097025616434
0.0012926574864477746,0.0002121278395603675
0.0014457410340090705,0.00022847817000438918
0.0015181303471200783,0.00023569084044044384
0.001347374661737852,0.00021812999252145894
0.0014713824238740043,0.00023104334244706748
0.0015304900316585623,0.00023686194592313674
0.001353791049690101,0.00021879600863767776
0.0014744083317080096,0.00023133185635568475
0.0013248106510333247,0.00021565738865541136
0.001460805483514102,0.00022995974116653988
0.0015253883720644356,0.00023636284307555934
0.001556643314405486,0.00023936017310493518
0.0015718504076477513,0.0002408078434468181
0.0015792782575966213,0.0002415121282196046
0.0015829383276899035,0.00024184361030781383
0.0015847419467400338,0.00024200024569431055
0.0013819438216895576,0.00022178738721265626
0.0012774700965549881,0.00021037897552063318
0.0014387480288191258,0.0002277117682446544
0.001514829752504054,0.00023531262845404802
0.0013456807412443508,0.00021791248117178973
0.0012590485188873034,0.00020829741781826927
0.0014302284266111676,0.00022684483967110405
0.0013021191878904786,0.00021315277521609174
0.001237068360308895,0.0002057795298293776
0.0014201213360257104,0.00022580589386396444
0.0015058795749731994,0.0002344625188445307
0.0015471694083549177,0.0002384610984429984
0.0013624148380246418,0.0002197279953211105
0.0014784972733080262,0.00023173252479901347
0.0015339438380475878,0.000237171440057101
0.0015607952341953756,0.00023975037607169305
0.001369517083478695,0.00022046348314764419
0.001271150936672216,0.00020966250034202752
0.0014358530632360682,0.00022739753665310038
0.0013050199350653894,0.0002134527290186393
0.0014515578447176056,0.00022901092993765306
0.0015209553653321637,0.00023591855171711367
0.0013488676544086066,0.00021825071423094933
0.0014721312485132924,0.0002310727113473801
0.001530895921400845,0.00023685293356628278
0.0013540329462301565,0.00021878120363478875
0.0014745945946172691,0.00023128985533944508
0.001324948781760226,0.00021562007224287943
0.0012485931353467517,0.0002070698877013427
0.0012103090548259256,0.00020262560844320704
0.0014079568729422364,0.00022449363113802068
0.0012907578293481676,0.00021184688658069326
0.0012313929939242589,0.00020508596917575571
0.0014175963903167508,0.00022548545509079682
0.0012956930647555248,0.0002123890170621969
0.0012338566615216736,0.0002053744520435309
0.0014186941754262522,0.00022561723682823742
0.001505240630104319,0.00023435534162412423
0.001546874321375642,0.00023840253256644293
0.001567105828250904,0.00024033520185945382
0.0015769790319819818,0.00024127187785165803
0.0013779312160923382,0.00022134969187757617
0.0012754603202694116,0.00021012907319244194
0.001437871917190844,0.00022758048229262203
0.0013060723501774035,0.00021354839043183826
0.0014520995428986435,0.00022902725870958089
0.001313376581196937,0.0002143527144848007
0.0012427522792875503,0.0002064033369080093
0.0014227939596033645,0.0002260306669137205
0.0015072099609466784,0.0002345373775688451
0.00154786706280732,0.00023846999205735878
0.001362838637887968,0.00021971141499220814
0.001478766278298276,0.0002316901250340861
0.0015341139075200415,0.0002371305865991804
0.0013556969701266914,0.0002189449881125443
0.0012641638175155373,0.00020883561377683477
0.0012180867064824766,0.00020352508374947475
0.0014115121931245268,0.0002248510418903238
0.0015018623627908534,0.00023398498353873447
0.0015453014448873344,0.0002381964829500772
0.00156641711288147,0.00024019769897616858
0.001576706651028055,0.00024117333187329256
0.0015817644172842035,0.00024163633588984623
0.001380447968214232,0.00022155896648974342
0.0012767625517617345,0.00021023619737929293
0.001224410230767716,0.00020423821458926178
0.001198328272496841,0.00020117735287467517
0.0014025945552147646,0.0002238727834648984
0.0012880884829042552,0.0002114814608698172
0.0014437822689635947,0.00022812065538806216
0.001517350446730527,0.0002354458443021431
0.0015528646388809186,0.0002388610816586335
0.001365462148379274,0.0002199323066922234
0.0014800453725332878,0.00023176594957654428
0.0015347816651966413,0.00023714054777078264
0.001561305824540577,0.0002396843721825597
0.0013698304494967194,0.00022041455417358554
0.0014821190245832944,0.00023197580079237156
0.0015357794590769602,0.00023724014236446735
0.0015617883837477538,0.0002397336001255551
0.0013701035152961108,0.00022043312295848952
0.001482259778247991,0.00023197809904841287
0.0015358861572578389,0.0002372225004530988
0.0015618659849516525,0.0002397123750536935
0.0013701620153723985,0.00022041547365494717
0.001271569964115459,0.0002096042092198096
0.0014361778326502086,0.00022730631974983255
0.0013052767703294597,0.00021337177908906595
0.001238767790083246,0.00020585302647872414
0.0014210586416300189,0.00022575550768337555
0.001297553133085635,0.0002125056893146261
0.0014482204709240722,0.00022853546637211024
0.0013114545372618347,0.00021405525372805356
0.0012418778511866179,0.00020621159405046952
0.001207045334257954,0.0002021587585338361
0.0014066110458041893,0.00022423676104779743
0.00149960938660736,0.0002336646174806952
0.0013379454431045068,0.00021692975222266768
0.0012552493606834353,0.00020773194496872375
0.0014286706502497828,0.0002265132577869663
0.0015101737592280611,0.0002346797560439023
0.0013434170996876019,0.00021750356237146523
0.0012580569789101936,0.00020802239078234069
0.0014300012831722055,0.0002266148875282778
0.0015108465123845922,0.00023470771848825054
0.0013437901780509794,0.00021751164236196417
0.001469957442966128,0.00023063999821389233
0.0013227150198991716,0.00021520233605228418
0.0012476083228641819,0.00020679694919519733
0.0014252339895417469,0.00022608622819233557
0.0015086063274773651,0.00023444695313261846
0.0013426362324844548,0.00021736443182368323
0.0012576828464077076,0.0002079416236396716
0.0014298513933948852,0.00022656829312541152
0.0015108069500384036,0.0002346701931486143
0.0015497909272665126,0.00023844209864191376
0.001363973140480604,0.00021965479990082468
0.0012685274429659653,0.0002091570917896849
0.0014348996666414982,0.00022705381790595174
0.0015132291525354596,0.0002348877131880203
0.0013450570725765199,0.00021760354010591637
0.0012589268055400403,0.0002080624776489136
0.0014304507419600136,0.00022660523714347627
0.0013024483464271874,0.00021294560057556633
0.001450650049153393,0.00022864765845906145
0.001312798217765832,0.00021408589338532693
0.0014554817771713978,0.00022913322263256507
0.001315306375099026,0.00021434621758310493
0.0012439075279824779,0.00020633260334640928
0.0014235600068236618,0.0002258799031241482
0.0012989083677634413,0.00021255054320234296
0.0012356395323509823,0.00020539656579070015
0.0012040323741695233,0.00020171165457716586
0.0011883852828911984,0.00019985924688753696
0.001398263670331884,0.00022325857983602487
0.0014957762179557766,0.00023315485738696523
0.001542548202811661,0.00023770820638823226
0.001360219707644396,0.00021923264886579503
0.001477724341817433,0.00023137896953710297
0.0015338136609104446,0.00023688354236228398
0.0015610131814509408,0.00023947300803728414
0.0015742838865545658,0.00024071449642380945
0.0013766963495498072,0.00022097995195812813
0.001275017025101481,0.00020986373165226614
0.0012236899082525036,0.00020398805943319426
0.0014143438492686517,0.00022490087028060224
0.0012942134764149966,0.0002120046400710581
0.0014468226868152869,0.00022824316929270444
0.0015189713199942924,0.00023541908756677802
0.0015537967699815543,0.00023877522956808922
0.0013660580222910757,0.0002198494722703006
0.0012695852567848435,0.00020926345659706352
0.0012209612223648923,0.00020368279542835256
0.0014130575700183256,0.00022479591415219192
0.0015027990417431805,0.00023385757981315695
0.0015459640889962168,0.00023803162739451347
0.0015669478639112936,0.00024001522949831607
0.0015772012899159832,0.00024096883204902995
0.001378225211474832,0.00022112530759837488
0.001486291102638426,0.0002321895471845071
0.001538016602168285,0.00023722904774829492
0.0015630854203855084,0.00023962480766708148
0.0013708998507298827,0.00022033765270380705
0.001272067158285505,0.00020951888157852517
0.001436583174581358,0.00022718114365570974
0.0015141083324442018,0.00023490998966573407
0.0015514700030733678,0.00023851683463828246
0.0015696416673450005,0.00024024408516366052
0.001374329882584683,0.00022068816774251562
0.0012738450252657951,0.00020969480464933608
0.001437410145721621,0.00022725099883606257
0.0013060637965623813,0.00021328701221150795
0.0014523792378275428,0.00022876941802576025
0.0013137244151084858,0.0002141412220535401
0.0014559433304658486,0.0002291407483755569
0.0013155475433401004,0.0002143512689069869
0.0012440696065352133,0.0002063195421319834
0.0012082447328709714,0.00020217227070371655
0.0014073017706019914,0.00022416662947446494
0.001500088638839216,0.000233556732925818
0.001544684519643499,0.00023787332461041956
0.0013613773255168639,0.00021930992883312903
0.0012672396110284413,0.0002089621729092559
0.0014343404039990047,0.0002269526270533732
0.0015130334177539222,0.00023480601741521676
0.0015509753098197963,0.00023845476207965717
0.0013646521614416379,0.00021964305530613445
0.0014798876465959418,0.00023152379811029015
0.00132787946627386,0.00021568600969137626
0.0014625732892713786,0.0002298023584466556
0.0015265726742289727,0.0002361215542315678
0.0013519765493679083,0.0002183084591239386
0.0012624655015253344,0.00020842718357555722
0.0012174075474243023,0.00020325179498939137
0.0014114854967965744,0.0002245980140879447
0.0015021128198091458,0.00023373708864449523
0.0015456548423181619,0.0002379625586499151
0.001361858181901102,0.0002193714850223389
0.0014785383741542152,0.00023141936568586065
0.0015342461990355174,0.00023688233338224412
0.0013559609066145675,0.00021873982008470527
0.0012644832005440142,0.00020865912038484213
0.0014330564221064297,0.00022683186935376274
0.0015123807720184566,0.00023476909105083296
0.0015506335129367205,0.00023844988017901825
0.001569222051139397,0.00024021755003468724
0.0013741036334929547,0.00022067503966071643
0.00148435418737396,0.00023198239598770488
0.0015370956391828397,0.00023712481831761984
0.001357457716619672,0.00021887341476806025
0.0012652638745722369,0.00020872308234608084
0.0012188465572927163,0.0002033877189872367
0.0011957620825643047,0.00020067652139803036
0.0014016765188108293,0.0002235464392822087
0.0012877702091294969,0.0002112525556840533
0.0012301174650420365,0.00020469342728079968
0.0014173325563101998,0.00022516229925579343
0.0015049453741678017,0.00023397029265677857
0.0015470693537432568,0.0002380513069484575
0.0015675648772263753,0.00023998586480603813
0.001577552968835639,0.0002409296055428634
0.0013784533820691473,0.00022108946141198593
0.001275947216856786,0.00020991153948942605
0.0014384076362257791,0.00022732937549285113
0.0015150213081271977,0.0002349580711568388
0.0015519790191283562,0.00023850721535784218
0.0013651760412171311,0.00021967593845721378
0.001480187110951199,0.00023151310285888938
0.0015351377987294949,0.00023687852277570447
0.001561779636299601,0.00023940982868867277
0.0013703047908849414,0.00022018480640103596
0.0012718347231517122,0.00020941158854453123
0.0012221571843379565,0.00020373283011563347
0.0014137461665968258,0.0002247452253093827
0.0015032556465630086,0.00023376961645356058
0.0013399756289055233,0.00021694593998590028
0.0012564646290853503,0.00020767130775081597
0.0012144784730607511,0.00020283950788329587
0.0011936372942692166,0.0002003874409528708
0.0014007921176271646,0.00022339320591921146
0.0012873648259155129,0.00021115285794924622
0.0014437734564652154,0.00022781638365722054
0.0013093877054829112,0.0002135810440768159
0.0014540162621747928,0.00022885096752956277
0.0013146252042089222,0.000214166971889617
0.0012436738828212803,0.00020619712898961527
0.0012081399546534013,0.00020207455903449288
0.0011905269848925064,0.00019999616307193812
0.0011818270908277894,0.0001989699531924012
0.001177566467194207,0.00019845745071733772
0.0013935437359168855,0.00022262086635450794
0.0012837013563945373,0.00021071802514261283
0.0012281231958154544,0.00020439933042115506
0.0012003982296284453,0.0002011706562924161
0.0011867015601630792,0.00019954765182672924
0.0011799626961923138,0.00019874173853329485
0.0013946499365807509,0.0002227215440639717
0.001494228253089132,0.00023282779451893327
0.0013353770161530069,0.00021638842477216726
0.0012541637751488197,0.00020736679785181546
0.0014284511374278324,0.00022621748105996573
0.0013015341348389217,0.00021269582079641298
0.0012370835830034746,0.0002054264487095863
0.001204875283316379,0.00020167873247041947
0.0014059291127961366,0.0002238892412167341
0.0012900169503942478,0.00021141405961014982
0.0012313217266759365,0.00020474861583732575
0.0012020261878958542,0.0002013310503785314
0.0011875126112125018,0.00019962430365688075
0.0011803589889918557,0.0001987805006823414
0.0011768387333136354,0.00019836685799319838
0.0013932214016687398,0.00022258233557625648
0.0014935116027418912,0.0002327835729465082
0.0015416224148152187,0.00023744932979363179
0.0015649565678321393,0.00023967324428972764
0.0013719532545869357,0.00022034223857983533
0.001272686490127444,0.00020949163137900167
0.0014369899869323462,0.00022710836294463952
0.0013059207639580823,0.0002131835835316012
0.0014524168700838563,0.00022867204137994997
0.0013138159905303217,0.00021406296462184957
0.0014561163448878456,0.00022904219739508722
0.0013157427509526882,0.00021425896825714365
0.0012442628175236173,0.00020623607418617556
0.0012084369833085268,0.0002020931287068174
0.0011906891481077582,0.0001999994514147389
0.0013995128154011421,0.00022321082222058805
0.00128674891638534,0.0002110404002795593
0.0014435149135856484,0.00022775343558631555
0.0015175673817560895,0.00023510278452152245
0.0015532837779760472,0.00023854076356993767
0.0015706889665212682,0.00024017548163403734
0.0013749550336640945,0.00022062852107615543
0.001274237849612471,0.00020963740412161298
0.0014377434604271732,0.00022715119818175083
0.001514815963734748,0.0002348194451517717
0.001346002273025988,0.00021752877351817495
0.001471249974850579,0.0002305190252889272
0.0013235315817759924,0.00021508751229974712
0.00146068077479137,0.00022947055245426412
0.0015258303099886913,0.00023588412282523296
0.0013517262113314124,0.0002181281980311776
0.0014739369786393418,0.00023078357571335373
0.0015322007808850288,0.00023649872318303104
0.001560412493869492,0.00023919686392160402
0.0013696237025294553,0.00022005599858877125
0.0012715327238960383,0.00020932645550665865
0.0012220732973966615,0.00020366315464354586
0.0011974536374980804,0.0002007788235756079
0.001185271925089376,0.00019934450071109236
0.001397083767731,0.00022294084009098482
0.0014953963005308257,0.0002329191642609854
0.001542554752832248,0.0002375018952468483
0.0013603821543238313,0.00021906266425836455
0.001266845872235514,0.00020878956622019724
0.0012197145274651304,0.00020339305210491618
0.0014126806229722716,0.00022458080738990154
0.0015028043247513393,0.00023366646856982362
0.0015461217028627224,0.00023786311840674925
0.0013622181335810534,0.00021927560717762142
0.0014788579754316054,0.00023130092147022582
0.001327456582120719,0.00021552319341695914
0.001462510517145815,0.00022966295175408464
0.0015266749010888606,0.00023599021705156465
0.0015577028504761177,0.0002389653880688401
0.0015728133585068695,0.00024039629357429045
0.0015801941469993936,0.00024109245269554703
0.0015838311929840367,0.00024141999449554404
0.0015855954116404218,0.00024158839194665557
0.0015864846452604618,0.00024165873725321056
0.0015869032740663772,0.00024170147603171498
0.0013833798433126666,0.00022152450206604118
0.0012785439312166392,0.0002101145355494704
0.0014397194985581673,0.00022735883525926826
0.0013073169357215838,0.000213325753795874
0.0012400008660746783,0.0002057532840799235
0.0012063113133044061,0.00020185007627465527
0.0014065772641346386,0.0002239602447759502
0.0012903452683515897,0.00021145389052525796
0.0014451958232644076,0.00022792411609129362
0.0015183736812625485,0.00023518104739724877
0.0013478313497404498,0.00021773909957990465
0.0014720693513014247,0.0002306305859087829
0.0015312949758127126,0.000236431233429381
0.0015599813432731822,0.00023916039908162659
0.0015739726286199615,0.00024046783648952772
0.0015807943950314999,0.00024111098461766418
0.001380215259437832,0.000221174134046522
0.001487383875219004,0.00023213369695986605
0.0015387035360798329,0.000237122981115965
0.001358392836853262,0.00021884174947103672
0.0012658658603247205,0.00020865927031063356
0.001219242045816689,0.00020331955104775588
0.0014124898238117125,0.00022453845657851757
0.0015027639132788814,0.0002336227822106062
0.0015461399984822257,0.00023782354151088064
0.0013622298519909897,0.00021925534898776147
0.0012678104492179836,0.00020888235581724115
0.0012202109771362092,0.00020343535724423386
0.0014129274043593134,0.00022458762309718878
0.001293613429215154,0.00021178999637800277
0.0012331259719290002,0.00020494533547894857
0.0012029105877763716,0.00020143501794442107
0.0011879705317534826,0.00019966761771525503
0.0011806164404271258,0.00019878933544639464
0.001394986698369243,0.00022271908366089442
0.0014944287695750514,0.00023280611933950915
0.0013355087818080372,0.00021636716673638305
0.0012542821509817909,0.00020733573389094035
0.0014285877713662522,0.00022616434067497963
0.0013016533439440502,0.00021264979098554521
0.0012372162685739554,0.00020537470493862343
0.001420735452357713,0.00022536168362840116
0.0015067016082595894,0.0002339928357294201
0.0015480621674301821,0.00023799091331838212
0.0013632614582353168,0.00021933864073648497
0.0014794043689074668,0.00023130128273189
0.0013277515289262583,0.00021552150473289322
0.0012503640585155569,0.00020688677831279053
0.0012115396514375558,0.00020239949772604912
0.0014090375356804008,0.00022413938413844462
0.0012916827084365886,0.00021152266537174412
0.0012322239946773589,0.00020478040841360296
0.001418500296628975,0.00022509405704390292
0.0012965146510952605,0.0002120508961373451
0.0014481456701755586,0.00022813391855656308
0.0015198524850533767,0.0002352443885367227
0.0015544682818278053,0.00023857050707217574
0.0013666036654066405,0.00021966927154798413
0.001270049702785972,0.00020909979049336716
0.0012213839276139006,0.00020352665311037138
0.001413547238409207,0.00022458322032153184
0.0012939813864843409,0.00021177006099032782
0.0012333628671152579,0.00020491553399975374
0.0012030809363180258,0.000201399723776128
0.0011881076352734184,0.00019962945772032225
0.0011807370882747955,0.0001987497273532246
0.0013950912266211157,0.0002226763453082679
0.0014945093873711876,0.00023277008221021185
0.0013355804271216354,0.00021633720597147036
0.001254349118292463,0.00020730865178138794
0.0012135328619632567,0.00020261252229102615
0.0011932582002355911,0.0002002396590668939
0.001400761801490991,0.0002232625888128899
0.0012874457039529607,0.00021104809807779572
0.0012300997498121506,0.00020453300198318547
0.0012014887239506617,0.00020119568232589372
0.0014044828989927035,0.00022364749516521538
0.0014990123376726833,0.00023318896409322258
0.0013378963403138844,0.00021658041072178302
0.0012555038115700861,0.00020744485115002922
0.0012141043208119052,0.00020268378421286622
0.0014102246351635733,0.0002242441482996338
0.0015017201008733444,0.00023347051213383097
0.0015457096817319944,0.00023771476575482346
0.0013620506476014474,0.0002191793358466451
0.001478866296538666,0.0002312140388977815
0.0013274978066501791,0.00021546472538198216
0.0012502371664099487,0.00020685718118548194
0.0012114900887714797,0.00020237920430301077
0.001409009124352043,0.00022413253322671228
0.0012916711174704137,0.00021151790227179007
0.0014459132920476006,0.00022789946112935095
0.001518816708546008,0.00023511975441372013
0.0013481299839581138,0.00021768261585432142
0.0014723103510207323,0.000230554724687006
0.0013241264864972983,0.0002150916849642645
0.0012485622363248362,0.000206649157816227
0.001426000737338799,0.00022585800006291737
0.001300382220275935,0.00021246048975926177
0.0014499685865908194,0.00022829633660325483
0.001312650370635453,0.0002138229529135781
0.0012427623471860424,0.00020598627679264294
0.001207761351415551,0.0002019390740472367
0.00140731964276467,0.00022395203011494293
0.0015003529310048148,0.00023333130205943815
0.001338581038022042,0.00021666370302247514
0.0014678337389837429,0.0002301053631471047
0.0013218242047512252,0.0002148385069522298
0.0014599545353407633,0.0002293260854954714
0.001317764434932817,0.00021440388750853812
0.0014580703698125756,0.00022913303501459817
0.0015246498301588478,0.00023569041863447405
0.0013511436493992173,0.00021801130254989838
0.00126220929878774,0.00020820854851702267
0.0012174704486023835,0.00020306694443684485
0.0011952319833855231,0.00020045726009565773
0.0011842568741005535,0.00019915405896472405
0.001396722758433324,0.0002228160253721431
0.0014953179644637484,0.00023281582541701264
0.001335996625846285,0.0002163661390413733
0.0012545727543498944,0.00020731922726599034
0.0012136577403618859,0.00020261284421708233
0.0011933552130505471,0.00020022608747658426
0.0011833422067188321,0.00019903580687283842
0.0011784231204980038,0.00019844591492698763
0.001176013246474072,0.0001981537255486888
0.0013930356686371627,0.00022240575619769898
0.001283542482023978,0.00021056743041308253
0.0012281587105709391,0.00020427812473913464
0.0012005322732445923,0.00020106477102027541
0.0011868847665399806,0.00019944952291158326
0.0013979312358169964,0.00022292217757219517
0.0014959406515711007,0.00023284011292010727
0.0015429729153463214,0.00023738776967429517
0.0013606746254102874,0.00021897737676867212
0.0012671095354715323,0.00020870141295336006
0.0014346133200804775,0.00022667559139296104
0.0013048408367847797,0.0002128971117131005
0.0012388859363555507,0.0002054801990360081
0.0012058898875199823,0.00020166073079114753
0.0014065494449894745,0.0002237993664190864
0.0012904731286933133,0.00021131515173606095
0.001445415072285121,0.00022778240379380552
0.001518645213690309,0.00023503189546771698
0.0015539716257535804,0.00023842486135628292
0.0013663847302184038,0.00021957673866227306
0.0012700159729705988,0.00020902116520969512
0.001221433043767263,0.00020346127695838656
0.001413663700161589,0.00022450886748669784
0.0015034557589712822,0.0002335413058154938
0.0015466448020545036,0.00023770074779925313
0.001567612339545088,0.0002396905378170978
0.001577843343296059,0.00024065430559933152
0.0013787943734958684,0.00022087428244037081
0.0012763385986063627,0.00020971689624673507
0.0014388835753164318,0.00022709741957219003
0.001515508963954666,0.00023471957562820739
0.0013464967251004968,0.0002174267048980425
0.0012599231610219343,0.00020787164854190084
0.001431293198593689,0.0002263306835899647
0.0015118670555543414,0.00023437330583552023
0.0013446088968898772,0.000217230231235918
0.0014707369712434293,0.00023031486997497757
0.001530833125407844,0.00023619376995600463
0.0015599076514183395,0.0002389712837379404
0.001369499992389558,0.00021988091662716457
0.0012716197912487242,0.00020917757170484114
0.001222256511819789,0.00020353378741736977
0.0011976854529883567,0.00020065943665221615
0.0011855279583099668,0.00019923011047110836
0.0013973999461858403,0.00022279380326068127
0.001495739461768321,0.00023275528275630865
0.001336283766700397,0.00021630976126471363
0.0014668496338157916,0.0002299020363852011
0.0013213917090863136,0.00021470026584061858
0.0012472363146647592,0.00020642356097247365
0.0012100779112547758,0.00020212686166436595
0.0011916503972700641,0.00019995800814410884
0.001400160710564243,0.00022308624440019778
0.001287224996530718,0.00021092192493789473
0.0014439709758743192,0.00022758504283813786
0.0013096466642628036,0.00021340182137481948
0.0014543835756625641,0.00022864861564115218
0.0015229913752975756,0.0002354096930061685
0.0015561498796364693,0.00023857123912767855
0.0013675535936720122,0.00021965051099348323
0.0012706494297153002,0.00020904678841558128
0.0012217679160053132,0.00020346810950002046
0.0014138588144510583,0.00022449012496149435
0.001503616523885478,0.00023349959056952495
0.0015467774225253132,0.00023765364510435635
0.001362709886023595,0.00021911263336524235
0.001268184317448307,0.00020876041374069521
0.0014351874880421738,0.00022666060280840899
0.0015138275401187144,0.00023447596398791843
0.0013456812611511936,0.00021727068841048203
0.0014713530058689261,0.00023027696986126843
0.0015312280049401112,0.0002361267616534943
0.0015602246267797575,0.00023887756285800285
0.0015743383007705302,0.0002402085591846891
0.0015812333183772714,0.0002408566193813501
0.0015846329280253234,0.0002411608021675107
0.0015862809286763162,0.00024131780015895798
0.0015870851072263537,0.00024139626030411046
0.0015875040476794199,0.00024142260592796463
0.001383925740937224,0.00022129142914034891
0.0012790227619250544,0.00020991896860138296
0.0012260182588779492,0.00020389580460086613
0.0011995964823453475,0.00020082377080024493
0.0011865280813151355,0.00019928910556761437
0.0011801108205402183,0.00019852307984101166
0.0013950464891535927,0.00022246806199621006
0.0012847038193055126,0.0002105525200810815
0.001228888692459654,0.00020421449567753237
0.001201053751655522,0.00020097124330331002
0.0014045211860417523,0.00022343797950296373
0.0014992307097660767,0.00023299196995241027
0.0015447015126605985,0.00023738998539464954
0.0013617009786957173,0.0002189366434839414
0.0014789568816879883,0.00023097838136058537
0.0013277145321847056,0.00021527704842415566
0.0012505204856236084,0.00020669437781211834
0.0012118076114107246,0.00020222903662479896
0.0014094297943736402,0.00022393329478032466
0.0015015827442328325,0.0002332078001397678
0.0015458812832387565,0.00023747165588050386
0.0013623325305595665,0.00021897803159323496
0.001479283865403655,0.0002309818836196361
0.0015351063265865712,0.00023642650430614337
0.001356759554648659,0.00021837067824205907
0.001476643005623683,0.000230719718097908
0.0013265670460633735,0.0002151144594654927
0.0012499949357670256,0.00020658780514657703
0.001211588070854741,0.00020215860724710332
0.0014093648034537885,0.00022388553221504317
0.0015016219441059964,0.0002331517881445345
0.0013394425661647958,0.00021649678616000767
0.001468536488170875,0.00022988090887712085
0.0013224168474023838,0.00021463492275750518
0.0012479004256265018,0.00020633524521802602
0.0014259762375448692,0.00022558452370137453
0.0015095604831724268,0.0002339151551039022
0.0013435499413663539,0.000216930017089593
0.0012585987612181789,0.00020754516717712786
0.0014309313047039878,0.00022607009740377969
0.0015119515972243157,0.0002341251155842457
0.0015509940048947328,0.00023786054664354006
0.001569991353765232,0.0002396396809846034
0.0013748904737715354,0.0002202300459311706
0.0012745101596733364,0.0002093141974833536
0.0014383078155192147,0.00022679233122394329
0.0013069234943402664,0.0002128985541294711
0.0012401265936040642,0.00020540967380108208
0.001422456682894098,0.00022517900087547167
0.001298800709685131,0.0002120067977169889
0.0014495933884113702,0.0002279208685350338
0.0015209379638107194,0.0002349500389821168
0.0015553694853577304,0.0002382438482642278
0.001367336284125414,0.00021940186396700895
0.001270716399596855,0.00020884982755533445
0.0014365757041871425,0.00022658520726889664
0.0013060345327874554,0.0002127858639867584
0.001452985081571407,0.00022824109633458632
0.0015225609925356995,0.00023509915895817971
0.0015561646626409851,0.0002383112755965197
0.0015725210946596025,0.00023985323731037949
0.0013762195536026504,0.00022035075659372264
0.0012752013237961614,0.00020937408833533996
0.0012242294470751194,0.00020356701283737047
0.0011988238541672436,0.00020061437243837832
0.0014036653618166148,0.00022321805725955402
0.0014989895944445355,0.000232809846551402
0.001338165373803059,0.00021627380404487865
0.0014680081696401156,0.0002297462306291566
0.001529812158313212,0.0002357820809386011
0.001559702024668069,0.00023862987592553896
0.0013695994277359424,0.00021962221082911276
0.0014828582187612412,0.0002311937546588397
0.0015369697642933964,0.00023645568677129974
0.0013577981538216827,0.0002183686926042764
0.0012658895047604527,0.00020828909977810137
0.0012196067963741754,0.00020299552568297816
0.0014131425076260677,0.00022415993373031424
0.0012940827047582294,0.000211430209033444
0.0012337371176758375,0.00020461744497576176
0.001203581955000031,0.00020112813842264082
0.0014058570528358448,0.00022340506195999926
0.0015000756506675728,0.00023287225226869675
0.0013387557945270052,0.00021629995921867022
0.001468328549524395,0.00022973562126729527
0.0013223975172114142,0.00021452478040366043
0.0014606891729060558,0.0002289546846297516
0.001526350384216743,0.0002353853575440567
0.0015581067082746673,0.00023839767989941775
0.001368799283412858,0.00021948241931845665
0.0012714951571391982,0.00020888188616925512
0.001437030406672646,0.00022655188042640677
0.001306325537535852,0.0002127479590492315
0.0014531782197525673,0.00022819416629685167
0.0013146035438321192,0.0002136651103534373
0.0014570559764778596,0.0002285801236454335
0.0013165980711026192,0.00021388011721966836
0.0014579914255339079,0.00022867046570553988
0.0013171050033392833,0.0002139198769099719
0.0012453568508116416,0.0002059078092210099
0.0012094163207384328,0.00020175994974233266
0.0014085731619277338,0.0002236254147030773
0.00150140678667399,0.00023295125468213447
0.0015460250568137557,0.00023723610191837935
0.001362568963421893,0.0002187936307495462
0.0014796030615102334,0.0002307937888896712
0.001535502814055854,0.00023621765183044503
0.0015625990223173895,0.00023877429324300532
0.001575791723131197,0.00024001337841625243
0.001582237763652232,0.0002406171403437654
0.0015854178796871436,0.0002408997992579444
0.0015869584351113303,0.000241046290362882
0.0015877099794735059,0.00024111961392622201
0.0013842336617304611,0.00022105720729311175
0.0014899037040355602,0.00023177008176140053
0.0013335559893405604,0.000215661188039289
0.0012536761477151745,0.0002068233986157863
0.0014288727425917777,0.0002256651308487455
0.0013022106942422154,0.00021223285983867267
0.00145136144243548,0.00022792495046184723
0.001313756270017756,0.00021348432439117644
0.001456764491264424,0.00022844956026283884
0.0013165205536901517,0.0002137833141847472
0.001458033345027974,0.0002285876770680388
0.0013171884879210952,0.00021385319999403822
0.0014583490406107702,0.00022861584018199924
0.0013173293951917152,0.00021387815791834396
0.0014584035995345217,0.00022863230554825528
0.0015253451761544812,0.00023518923310421062
0.0013518803226641467,0.00021760853696799735
0.0014746416958656213,0.00023023554813838022
0.0015331761818407842,0.00023592460221680663
0.0015615324181910083,0.00023860167201687437
0.0015753637540244607,0.0002398841662790309
0.0013778449800063808,0.00022032674278955785
0.0014869419186340285,0.00023141255494367764
0.0015391205001257834,0.00023646803415480424
0.0013590631840624545,0.00021832751889746207
0.001266648242149882,0.000208226363056183
0.0012201174812587142,0.00020291359239083708
0.0011969759575242813,0.00020021306219449066
0.001403080552656877,0.00022292970267717702
0.0014989540802503808,0.00023255706777361684
0.0013383170634067184,0.00021607658510537807
0.001256163573504193,0.0002070149141229514
0.0012149091699053885,0.00020228295165078465
0.0014112520107160587,0.0002237465189180841
0.0012932802045010402,0.0002111470619480912
0.0014473016364503182,0.00022741442243973491
0.0015200904493187833,0.0002345890466870785
0.0015552200414249105,0.00023794155937101213
0.0013674197411618777,0.00021918250572804451
0.0014820600185331755,0.00023088174911833914
0.0013296175478754108,0.00021512240590401926
0.0012517788737380971,0.0002065040793155597
0.0014281328413700584,0.00022546553563484282
0.0015109436102586577,0.00023368270107046303
0.001550831744992706,0.00023748799715185502
0.0013651933731845577,0.00021890084862170043
0.0012698210096841436,0.00020851270318869092
0.001221743218176917,0.00020304624904814636
0.0014144028042714955,0.00022403681122715278
0.0015044121945804025,0.00023302287185383047
0.0015476642849017498,0.0002371770555323901
0.001363558191169056,0.00021871823662572185
0.0012690211775074612,0.00020840241911029842
0.0014361134241705575,0.00022623486913947582
0.0013060423885568855,0.00021250746047736275
0.0014532964313035306,0.00022796409902065343
0.001523048611584674,0.00023480190919876717
0.0015567237283111972,0.00023800918546489097
0.0015731425810883652,0.00023953518738610295
0.0015811470974419213,0.00024028322550389146
0.001380963372560298,0.0002205254585606729
0.0014885335702188925,0.0002314411565947396
0.0015400408861671667,0.00023640608126668052
0.001359637967699453,0.00021826249950354973
0.0012670401653485206,0.00020815564490448413
0.0014352548215628175,0.00022610489808940772
0.001514438348781754,0.00023392958279479307
0.0015525851241624258,0.0002375749037508816
0.0015711635413937185,0.0002393057821872585
0.001580247226427212,0.00024013841088879338
0.00138050930154741,0.00022044036407816548
0.0014883860442862465,0.00023137026761937634
0.001332970472648698,0.00021536944004370883
0.0014659669983935445,0.00022915216905425827
0.0015292179656551724,0.00023531113314510135
0.001559825796963793,0.0002382002342589402
0.0013699221032956656,0.00021930045781403434
0.0012723250047496446,0.00020869057067044415
0.0012231083947975266,0.00020309483007848448
0.0014151700312584202,0.00022398314712427855
0.0012954070669199123,0.00021123456146772548
0.0014484950070444938,0.00022734860698960134
0.0015208788488499734,0.00023445078463579796
0.0013498000064437524,0.00021711108958760914
0.0014739480185350306,0.00022987136258869058
0.0015331061848873784,0.00023562145340800283
0.0013561032698838932,0.00021779532912538608
0.0012653431045036793,0.00020786959706027404
0.0012196300699719128,0.00020266855711009203
0.0011968907214509861,0.00020003007110175626
0.0014032790217871295,0.0002227364981720339
0.0014992500189260393,0.00023236690584729932
0.0013385952013034112,0.0002159317032392052
0.0014686828670628438,0.00022935822438938282
0.0015305887704919877,0.00023537465040719636
0.0015605550414125454,0.0002381992639791122
0.001370369772816903,0.00021927633838341424
0.0014836695199814485,0.0002308123190110352
0.0013305811215680234,0.00021504273320884317
0.0012524169409608374,0.00020640675211681389
0.0014286430360473336,0.0002253150347492027
0.00151137079225964,0.00023352045262766086
0.0013448698005497064,0.00021658535230158343
0.0014716534434361926,0.00022963091714111312
0.001532041043831107,0.00023549026620754067
0.0013555713028627979,0.00021771378349532482
0.0014767063154395436,0.0002301157407663489
0.0015344907515143162,0.00023570825677882726
0.001562488512182955,0.0002383407853193395
0.0015761182353334013,0.0002396155445782464
0.0013784759330290222,0.0002200978967873442
0.001276753980847679,0.00020909325248051
0.0014399313180033923,0.00022640161705213922
0.001516832243688914,0.00023398602497672172
0.0013477337988026228,0.0002168393278736208
0.001473060151076764,0.00022971116409188454
0.0013251559120816656,0.00021440859797069027
0.0012497168693628511,0.00020605687977140978
0.0014274325377605101,0.00022515341422796095
0.0015108321080406597,0.00023342674693810656
0.0015510103973964521,0.00023725064337543612
0.0013654261515586503,0.00021872526479202115
0.001270120450003557,0.00020835254872348408
0.0012220644391519537,0.00020289917516685214
0.001198143432249901,0.00020012764589970853
0.0014039134727850398,0.00022274144646311362
0.001289696020694847,0.00021054132691775336
0.0014458915325990158,0.0002270286502668159
0.001519662129061276,0.00023428676869097396
0.0015552851434546967,0.00023766237408437657
0.0013676375241005896,0.00021896641195999464
0.0012712145381593772,0.0002084939522739926
0.0014373195995023259,0.00022617489265824373
0.0015155431540604667,0.00023390173164447036
0.001347064863843635,0.00021678887026393745
0.0012607971352794588,0.00020731887023833643
0.0014325189818680355,0.00022568205679441585
0.0013043146809905933,0.00021216451791468026
0.0012391930817843373,0.0002048850932368767
0.001206643571260627,0.00020112894389930918
0.0011905035336852094,0.00019924747066507497
0.0014004107968129172,0.0002224123918456433
0.0012878834428664643,0.00021036993550283066
0.0012309478505430416,0.0002039460439035227
0.0012025232707189352,0.00020066404297250286
0.0014058394516367576,0.00022298435085207064
0.0012906458899931785,0.00021068587276669505
0.0014463102803627815,0.00022710253900017302
0.0015198306113787122,0.000234336993556885
0.0015553349127559344,0.00023770219130056727
0.0015725966876739392,0.00023932142616614585
0.0013766002004089737,0.00021994224492904755
0.0012757677681952257,0.0002090203200015479
0.0012248571642560898,0.00020325550994661258
0.0014159966950177249,0.00022403222651027753
0.0015053495456814334,0.0002329309882996509
0.0013417879206364808,0.00021623686303364235
0.0014701995363177488,0.00022948069042754934
0.0015313196721134428,0.00023543030741613794
0.001355191962051859,0.00021768097538700737
0.0012648720198199898,0.00020781266261688062
0.0014343790281640717,0.00022589850856680096
0.0015141134505482327,0.00023378672580210246
0.0013463104718688904,0.00021672771916458943
0.0014723444083753444,0.00022968605442609058
0.001532387058548303,0.0002355092524779143
0.0013557597103991312,0.0002177219490906811
0.0014767821712577752,0.00023012457489113443
0.0013270639160741758,0.00021464191997847915
0.0012506578010112155,0.0002061883463336624
0.0014278587214724256,0.00022521241403554952
0.001301925122753962,0.0002119054429712264
0.0014515581860479003,0.00022761620423024937
0.001522389438345757,0.00023455331418833315
0.0013506097401896114,0.00021716131794602062
0.0014743702526430833,0.0002298723804637177
0.0013258080231052997,0.00021450663290747057
0.0012500459560545317,0.00020610784327154544
0.0012120318452096227,0.00020175507758085298
0.0011931648040172625,0.00019956007568764072
0.0011838539355997332,0.0001984704575801647
0.0013974007657880118,0.0002221081628840087
0.0014965025598952055,0.00023206203823953993
0.0015440465825174168,0.00023662012744730325
0.0015671086054965424,0.0002387929555040641
0.0015783851280202518,0.00023983016262902387
0.0013796267048566183,0.00022023534721241428
0.0014880913690826958,0.00023121660145179819
0.001540003466380377,0.00023621257027749842
0.0013597429925819727,0.00021811351833153904
0.0012672208572107153,0.0002080301850246105
0.001220635052929013,0.0002027254078500507
0.0011974440362535067,0.00020003712417128864
0.0011859846907041002,0.00019869764417400682
0.0011803409722940966,0.00019803742457527354
0.0013958678356073854,0.0002219130134214262
0.001285611279981879,0.00021008005529639536
0.0012298413878362084,0.0002037833090588542
0.0014183579518543463,0.00022420555532693846
0.0015065480904615832,0.0002329728438772746
0.0015489444875645202,0.0002370305491025647
0.001364371213758554,0.00021859263672281934
0.001269601508948691,0.00020827523730954604
0.0012218220218265289,0.00020285297034121602
0.0014146821306469746,0.00022383321496496819
0.0012952323377760477,0.0002111265935214246
0.0012346841832937734,0.00020432171354637591
0.0012044482212888894,0.00020082666763743235
0.00118948664602726,0.00019907106660318067
0.0011821219124591548,0.00019819855418290658
0.001178486907595626,0.00019777480560664558
0.0013950687107617131,0.00022178952605420873
0.0014954504758456929,0.00023188987990502955
0.0015435775023763516,0.0002365186514546541
0.0015669602285484498,0.0002387049208273065
0.001578351154114828,0.0002397681781412615
0.0015839463663130365,0.00024027349770626053
0.00158666861770934,0.00024052846415842407
0.0013839763607380207,0.00022063401111381808
0.0012795839387343604,0.00020937308445875344
0.001441259509931385,0.00022650816620504449
0.0013088370557136364,0.00021260902593259624
0.0014548697521503885,0.00022787111844279598
0.0015240300623337647,0.00023464423177128188
0.0013515027225415093,0.00021720010147048004
0.0014748546785794399,0.00022985673242618748
0.001533646079954545,0.00023556286863036694
0.0013564798164120652,0.00021772924792255009
0.001477225995900429,0.0002300759418588786
0.0015348310081812148,0.00023564463261751837
0.0015627429983248785,0.00023826614208473794
0.0013715940344849508,0.00021928978276963287
0.0014843763628480532,0.0002307531300462148
0.001538306289188896,0.00023594740798097138
0.0013589075631907403,0.00021795033173412372
0.0014784117488465737,0.0002301518735542641
0.0013279962883846598,0.00021462739373087625
0.0012512238640957473,0.00020614589945274305
0.0014282554204984245,0.00022512546939296572
0.001511368370615121,0.00023334276800960417
0.001551399310180234,0.00023714649513779438
0.0013657436462132697,0.00021862741807772266
0.001270362578340674,0.00020827235690470844
0.0014370838012778317,0.00022600201883005754
0.00130675787788351,0.0002123071356008915
0.0014539893314129255,0.00022769706757181727
0.0015236940892276968,0.00023452027612452895
0.0013513657556822442,0.00021712065059819355
0.00126305538686631,0.0002074686577956029
0.0014336917576280913,0.00022567722546210244
0.0015139411472379423,0.000233606647441921
0.001552604226884432,0.00023729198466701922
0.0015714317248799385,0.00023904126968393632
0.0015806365859597964,0.00023988264738170057
0.0015851229673190174,0.00024030070538591853
0.0013832258589411273,0.00022048506448078754
0.0012792565432372888,0.00020927310402770214
0.0014412122753765682,0.00022641460256912725
0.0015175651055849225,0.00023393175474796383
0.001554384490782523,0.00023743491710098634
0.001572322305436581,0.00023909918252194514
0.0013766072086726542,0.00021976586328730264
0.0012758865536419597,0.00020888563344498846
0.0014396676573154015,0.00022624455691263906
0.0015168398142337389,0.00023384656647695666
0.001347856054943252,0.00021672015008565988
0.0012613215531518925,0.00020723765173146335
0.0014329637238684027,0.00022554657988763528
0.0013046985282729612,0.00021203512814937814
0.0014530595649168497,0.00022756454308109169
0.0013149854073208267,0.0002131673180559535
0.0014578728348001201,0.00022804156624130155
0.001525630330444853,0.00023464428367300333
0.001352408282048665,0.00021717960454403673
0.001263648368941348,0.00020747590388615097
0.0014340401171871109,0.0002256421143610018
0.0015142074681153458,0.0002335412907346372
0.0015528471172509724,0.00023720486319986524
0.0013665449688401651,0.00021864659862909846
0.0012708211727708888,0.0002082643427747366
0.0014373955269457656,0.00022594939020074886
0.0015158194586925775,0.0002336774682435837
0.0015536193179799577,0.00023727357687504226
0.001366923438977392,0.0002186964349209559
0.00148228199581019,0.0002304341123020391
0.0013300344005209405,0.0002147750891137033
0.001464913102986754,0.00022873106921091519
0.0015289992497277895,0.00023497007338565623
0.0013541489371546056,0.00021736803204976227
0.0012645279381218902,0.00020757775163101827
0.001434467485003961,0.00022567497627602986
0.001514422693243425,0.00023355085309669494
